Õ‡Á‚‡ÌËÂ ÚÓ‚‡‡;÷ÂÌ‡;÷ÂÌ‡ ·ÂÁ ÒÍË‰ÍË;—Ò˚ÎÍ‡;—Ò˚ÎÍ‡ Ì‡ ËÁÓ·‡ÊÂÌËÂ
Womenís Arcadiaô II Rain Jacket;$69.99;$100.00;https://www.columbia.com/p/womens-arcadia-ii-rain-jacket-RL2436.html?dwvar_RL2436_color=329;https://columbia.scene7.com/is/image/ColumbiaSportswear2/RL2436_329_f?$x1_grid$&v=1642418206
Womenís Benton Springsô Full Zip Fleece Jacket;$39.99;$60.00;https://www.columbia.com/p/womens-benton-springs-full-zip-fleece-jacket-1372111.html?dwvar_1372111_color=010;https://columbia.scene7.com/is/image/ColumbiaSportswear2/1372111_010_f?$x1_grid$&v=1642418206
Womenís Switchbackô III Jacket;$23.98;$75.00;https://www.columbia.com/p/womens-switchback-iii-jacket-1771961.html?dwvar_1771961_color=362;https://columbia.scene7.com/is/image/ColumbiaSportswear2/1771961_362_f?$x1_grid$&v=1642418206
Womenís Arcadiaô II Jacket - Plus Size;$79.99;$110.00;https://www.columbia.com/p/womens-arcadia-ii-jacket---plus-size-RW2436.html?dwvar_RW2436_color=329;https://columbia.scene7.com/is/image/ColumbiaSportswear2/RW2436_329_f?$x1_grid$&v=1642418206
Women's Pardon My Trenchô Rain Jacket;$41.98;$100.00;https://www.columbia.com/p/womens-pardon-my-trench-rain-jacket-1839841.html?dwvar_1839841_color=329;https://columbia.scene7.com/is/image/ColumbiaSportswear2/1839841_329_f?$x1_grid$&v=1642418206
Women's Fire Sideô II Sherpa Full Zip Fleece;$59.99;$90.00;https://www.columbia.com/p/womens-fire-side-ii-sherpa-full-zip-fleece-1819791.html?dwvar_1819791_color=191;https://columbia.scene7.com/is/image/ColumbiaSportswear2/1819791_191_f?$x1_grid$&v=1642418206
Women's Heavenlyô Long Hooded Jacket;$74.98;$90.00;https://www.columbia.com/p/womens-heavenly-long-hooded-jacket-1738161.html?dwvar_1738161_color=879;https://columbia.scene7.com/is/image/ColumbiaSportswear2/1738161_879_f?$x1_grid$&v=1642418206
Womenís Switchbackô III Jacket - Plus Size;$59.99;$90.00;https://www.columbia.com/p/womens-switchback-iii-jacket---plus-size-1771963.html?dwvar_1771963_color=556;https://columbia.scene7.com/is/image/ColumbiaSportswear2/1771963_556_f?$x1_grid$&v=1642418206
Womenís Benton Springsô II Long Hoodie;$49.99;$75.00;https://www.columbia.com/p/womens-benton-springs-ii-long-hoodie-1556961.html?dwvar_1556961_color=472;https://columbia.scene7.com/is/image/ColumbiaSportswear2/1556961_472_f?$x1_grid$&v=1642418206
Womenís Benton Springsô Vest;$34.99;$45.00;https://www.columbia.com/p/womens-benton-springs-vest-WL1023.html?dwvar_WL1023_color=879;https://columbia.scene7.com/is/image/ColumbiaSportswear2/1372121_879_f?$x1_grid$&v=1642418206
Womenís Benton Springsô Full Zip - Plus Size;$44.99;$65.00;https://www.columbia.com/p/womens-benton-springs-full-zip---plus-size-1372112.html?dwvar_1372112_color=363;https://columbia.scene7.com/is/image/ColumbiaSportswear2/1372112_363_f?$x1_grid$&v=1642418206
Women's Slope Edgeô Long Vest;$49.99;$100.00;https://www.columbia.com/p/womens-slope-edge-long-vest-2021811.html?dwvar_2021811_color=010;https://columbia.scene7.com/is/image/ColumbiaSportswear2/2021811_010_f?$x1_grid$&v=1642418206
Women's Lillian Ridgeô Shell Jacket;$79.99;$110.00;https://www.columbia.com/p/womens-lillian-ridge-shell-jacket-1989291.html?dwvar_1989291_color=672;https://columbia.scene7.com/is/image/ColumbiaSportswear2/1989291_672_f?$x1_grid$&v=1642418206
Women's Weekend Adventureô Long Shell Jacket;$120.00;;https://www.columbia.com/p/womens-weekend-adventure-long-shell-jacket-1989261.html?dwvar_1989261_color=043;https://columbia.scene7.com/is/image/ColumbiaSportswear2/1989261_043_f?$x1_grid$&v=1642418206
Women's Pourationô Jacket;$59.99;$90.00;https://www.columbia.com/p/womens-pouration-jacket-1652941.html?dwvar_1652941_color=010;https://columbia.scene7.com/is/image/ColumbiaSportswear2/1652941_010_f?$x1_grid$&v=1642418206
Women's Lowgap Springs Trailô Jacket;$54.99;$99.00;https://www.columbia.com/p/womens-lowgap-springs-trail-jacket-2021321.html?dwvar_2021321_color=010;https://columbia.scene7.com/is/image/ColumbiaSportswear2/2021321_010_f?$x1_grid$&v=1642418206
Women's Benton Springsô Full Zip Hoodie;$39.99;$65.00;https://www.columbia.com/p/womens-benton-springs-full-zip-hoodie-1955441.html?dwvar_1955441_color=425;https://columbia.scene7.com/is/image/ColumbiaSportswear2/1955441_425_f?$x1_grid$&v=1642418206
Women's Weekend Adventureô Long Shell Jacket - Plus Size;$130.00;;https://www.columbia.com/p/womens-weekend-adventure-long-shell-jacket---plus-size-1989264.html?dwvar_1989264_color=676;https://columbia.scene7.com/is/image/ColumbiaSportswear2/1989264_676_f?$x1_grid$&v=1642418206
Women's Long Valleyô Trench Jacket;$89.99;$120.00;https://www.columbia.com/p/womens-long-valley-trench-jacket-2021801.html?dwvar_2021801_color=010;https://columbia.scene7.com/is/image/ColumbiaSportswear2/2021801_010_f?$x1_grid$&v=1642418206
Women's Stanley Parkô Full Zip Jacket;$54.99;$80.00;https://www.columbia.com/p/womens-stanley-park-full-zip-jacket-1992161.html?dwvar_1992161_color=010;https://columbia.scene7.com/is/image/ColumbiaSportswear2/1992161_010_f?$x1_grid$&v=1642418206
